Image,Target
1.jpg,1
2.jpg,1
3.jpg,1
4.jpg,1
5.jpg,1
6.jpg,1
7.jpg,1
8.jpg,1
9.jpg,1
10.jpg,1
11.jpg,1
12.jpg,1
13.jpg,1
14.jpg,1
15.jpg,1
16.jpg,1
17.jpg,1
18.jpg,1
19.jpg,1
20.jpg,1
21.jpg,1
22.jpg,1
23.jpg,1
24.jpg,1
25.jpg,1
26.jpg,1
27.jpg,1
28.jpg,1
29.jpg,1
30.jpg,1
31.jpg,1
32.jpg,1
33.jpg,1
34.jpg,1
35.jpg,1
36.jpg,1
37.jpg,1
38.jpg,1
39.jpg,1
40.jpg,1
41.jpg,1
42.jpg,1
43.jpg,1
44.jpg,1
45.jpg,1
46.jpg,1
47.jpg,1
48.jpg,1
49.jpg,1
50.jpg,1
51.jpg,1
52.jpg,1
53.jpg,1
54.jpg,1
55.jpg,1
56.jpg,1
57.jpg,1
58.jpg,1
59.jpg,1
60.jpg,1
61.jpg,1
62.jpg,1
63.jpg,1
64.jpg,1
65.jpg,1
66.jpg,1
67.jpg,1
68.jpg,1
69.jpg,1
70.jpg,1
71.jpg,1
72.jpg,1
73.jpg,1
74.jpg,1
75.jpg,1
76.jpg,1
77.jpg,1
78.jpg,1
79.jpg,1
80.jpg,1
81.jpg,1
82.jpg,1
83.jpg,1
84.jpg,1
85.jpg,1
86.jpg,1
87.jpg,1
88.jpg,1
89.jpg,1
90.jpg,1
91.jpg,1
92.jpg,1
93.jpg,1
94.jpg,1
95.jpg,1
96.jpg,1
97.jpg,1
98.jpg,1
99.jpg,1
100.jpg,1
101.jpg,1
102.jpg,1
103.jpg,1
104.jpg,1
105.jpg,1
106.jpg,1
107.jpg,1
108.jpg,1
109.jpg,1
110.jpg,1
111.jpg,1
112.jpg,1
113.jpg,1
114.jpg,1
115.jpg,1
116.jpg,1
117.jpg,1
118.jpg,1
119.jpg,1
120.jpg,1
121.jpg,1
122.jpg,1
123.jpg,1
124.jpg,1
125.jpg,1
126.jpg,1
127.jpg,1
128.jpg,1
129.jpg,1
130.jpg,1
131.jpg,1
132.jpg,1
133.jpg,1
134.jpg,1
135.jpg,1
136.jpg,1
137.jpg,1
138.jpg,1
139.jpg,1
140.jpg,1
141.jpg,1
142.jpg,1
143.jpg,1
144.jpg,1
145.jpg,1
146.jpg,1
147.jpg,1
148.jpg,1
149.jpg,1
150.jpg,1
151.jpg,1
152.jpg,1
153.jpg,1
154.jpg,1
155.jpg,1
156.jpg,1
157.jpg,1
158.jpg,1
159.jpg,1
160.jpg,1
161.jpg,1
162.jpg,1
163.jpg,1
164.jpg,1
165.jpg,1
166.jpg,0
167.jpg,0
168.jpg,0
169.jpg,0
170.jpg,0
171.jpg,0
172.jpg,0
173.jpg,0
174.jpg,0
175.jpg,0
176.jpg,0
177.jpg,0
178.jpg,0
179.jpg,0
180.jpg,0
181.jpg,0
182.jpg,0
183.jpg,0
184.jpg,0
185.jpg,0
186.jpg,0
187.jpg,0
188.jpg,0
189.jpg,0
190.jpg,0
191.jpg,0
192.jpg,0
193.jpg,0
194.jpg,0
195.jpg,0
196.jpg,0
197.jpg,0
198.jpg,0
199.jpg,0
200.jpg,0
201.jpg,0
202.jpg,0
203.jpg,0
204.jpg,0
205.jpg,0
206.jpg,0
207.jpg,0
208.jpg,0
209.jpg,0
210.jpg,0
211.jpg,0
212.jpg,0
213.jpg,0
214.jpg,0
215.jpg,0
216.jpg,0
217.jpg,0
218.jpg,0
219.jpg,0
220.jpg,0
221.jpg,0
222.jpg,0
223.jpg,0
224.jpg,0
225.jpg,0
226.jpg,0
227.jpg,0
228.jpg,0
229.jpg,0
230.jpg,0
231.jpg,0
232.jpg,0
233.jpg,0
234.jpg,0
235.jpg,0
236.jpg,0
237.jpg,0
238.jpg,0
239.jpg,0
240.jpg,0
241.jpg,0
242.jpg,0
243.jpg,0
244.jpg,0
245.jpg,0
246.jpg,0
247.jpg,0
248.jpg,0
249.jpg,0
250.jpg,0
251.jpg,0
252.jpg,0
253.jpg,0
254.jpg,0
255.jpg,0
256.jpg,0
257.jpg,0
258.jpg,0
259.jpg,0
260.jpg,0
261.jpg,0
262.jpg,0
263.jpg,0
264.jpg,0
265.jpg,0
266.jpg,0
267.jpg,0
268.jpg,0
269.jpg,0
270.jpg,0
271.jpg,0
272.jpg,0
273.jpg,0
274.jpg,0
275.jpg,0
276.jpg,0
277.jpg,0
278.jpg,0
279.jpg,0
280.jpg,0
281.jpg,0
282.jpg,0
283.jpg,0
284.jpg,0
285.jpg,0
286.jpg,0
287.jpg,0
288.jpg,0
289.jpg,0
290.jpg,0
291.jpg,0
292.jpg,0
293.jpg,0
294.jpg,0
295.jpg,0
296.jpg,0
297.jpg,0
298.jpg,0
299.jpg,0
300.jpg,0
301.jpg,0
302.jpg,0
303.jpg,0
304.jpg,0
305.jpg,0
306.jpg,0
307.jpg,0
308.jpg,0
309.jpg,0
310.jpg,0
311.jpg,0
312.jpg,0
313.jpg,0
314.jpg,0
315.jpg,0
316.jpg,0
317.jpg,0
318.jpg,0
319.jpg,0
320.jpg,0
321.jpg,0
322.jpg,0
323.jpg,0
324.jpg,0
325.jpg,0
326.jpg,0
327.jpg,0
328.jpg,0
329.jpg,0
330.jpg,0
331.jpg,0
332.jpg,0
333.jpg,0
334.jpg,0
335.jpg,0
336.jpg,0
337.jpg,0
338.jpg,0
339.jpg,0
340.jpg,0
341.jpg,0
342.jpg,0
343.jpg,0
344.jpg,0
345.jpg,0
346.jpg,0
347.jpg,0
348.jpg,0
349.jpg,0
350.jpg,0
351.jpg,0
352.jpg,0
353.jpg,0
354.jpg,0
355.jpg,0
356.jpg,0
357.jpg,0
358.jpg,0
359.jpg,0
360.jpg,0
361.jpg,0
362.jpg,0
363.jpg,0
364.jpg,0
365.jpg,0
366.jpg,0
367.jpg,0
368.jpg,0
369.jpg,0
370.jpg,0
371.jpg,0
372.jpg,0
373.jpg,0
374.jpg,0
375.jpg,0
376.jpg,0
377.jpg,0
378.jpg,0
379.jpg,0
380.jpg,0
381.jpg,0
382.jpg,0
383.jpg,0
384.jpg,0
385.jpg,0
386.jpg,0
387.jpg,0
388.jpg,0
389.jpg,0
390.jpg,0
391.jpg,0
392.jpg,0
393.jpg,0
394.jpg,0
395.jpg,0
396.jpg,0
397.jpg,0
398.jpg,0
399.jpg,0
400.jpg,0
401.jpg,0
402.jpg,0
403.jpg,0
404.jpg,0
405.jpg,0
406.jpg,0
407.jpg,0
408.jpg,0
409.jpg,0
410.jpg,0
411.jpg,0
412.jpg,0
413.jpg,0
414.jpg,0
415.jpg,0
416.jpg,0
417.jpg,0
418.jpg,0
419.jpg,0
420.jpg,0
421.jpg,0
422.jpg,0
423.jpg,0
424.jpg,0
425.jpg,0
426.jpg,0
427.jpg,0
428.jpg,0
429.jpg,0
430.jpg,0
431.jpg,0
432.jpg,0
433.jpg,0
434.jpg,0
435.jpg,0
436.jpg,0
437.jpg,0
438.jpg,0
439.jpg,0
440.jpg,0
441.jpg,0
442.jpg,0
443.jpg,0
444.jpg,0
445.jpg,0
446.jpg,0
447.jpg,0
448.jpg,0
449.jpg,0
450.jpg,0
451.jpg,0
452.jpg,0
453.jpg,0
454.jpg,0
455.jpg,0
456.jpg,0
457.jpg,0
458.jpg,0
459.jpg,0
460.jpg,0
461.jpg,0
462.jpg,0
463.jpg,0
464.jpg,0
466.jpg,0
467.jpg,0
468.jpg,0
469.jpg,0
470.jpg,0
471.jpg,0
472.jpg,0
473.jpg,0
474.jpg,0
475.jpg,0
476.jpg,0
477.jpg,0
478.jpg,0
479.jpg,0
480.jpg,0
481.jpg,0
482.jpg,0
483.jpg,0
484.jpg,0
485.jpg,0
486.jpg,0
487.jpg,0
488.jpg,0
489.jpg,0
490.jpg,0
491.jpg,0
492.jpg,0
493.jpg,0
494.jpg,0
495.jpg,0
496.jpg,0
497.jpg,0
498.jpg,0
499.jpg,0
500.jpg,0
501.jpg,0
502.jpg,0
503.jpg,0
504.jpg,0
505.jpg,0
506.jpg,0
507.jpg,0
508.jpg,0
509.jpg,0
510.jpg,0
511.jpg,0
512.jpg,0
513.jpg,0
514.jpg,0
515.jpg,0
516.jpg,0
517.jpg,0
518.jpg,0
519.jpg,0
520.jpg,0
521.jpg,0
522.jpg,0
523.jpg,0
524.jpg,0
525.jpg,0
526.jpg,0
527.jpg,0
528.jpg,0
529.jpg,0
530.jpg,0
531.jpg,0
532.jpg,0
533.jpg,0
534.jpg,0
535.jpg,0
536.jpg,0
537.jpg,0
538.jpg,0
539.jpg,0
540.jpg,0
541.jpg,0
542.jpg,0
543.jpg,0
544.jpg,0
545.jpg,0
546.jpg,0
547.jpg,0
548.jpg,0
549.jpg,0
550.jpg,0
551.jpg,0
552.jpg,0
553.jpg,0
554.jpg,0
555.jpg,0
556.jpg,0
557.jpg,0
558.jpg,0
559.jpg,0
560.jpg,0
561.jpg,0
562.jpg,0
563.jpg,0
564.jpg,0
565.jpg,0
566.jpg,0
567.jpg,0
568.jpg,0
569.jpg,0
570.jpg,0
571.jpg,0
572.jpg,0
573.jpg,0
574.jpg,0
575.jpg,0
576.jpg,0
577.jpg,0
578.jpg,0
579.jpg,0
580.jpg,0
581.jpg,0
582.jpg,0
583.jpg,0
584.jpg,0
585.jpg,0
586.jpg,0
587.jpg,0
588.jpg,0
589.jpg,0
590.jpg,0
591.jpg,0
592.jpg,0
593.jpg,0
594.jpg,0
595.jpg,0
596.jpg,0
597.jpg,0
598.jpg,0
599.jpg,0
600.jpg,0
601.jpg,0
602.jpg,0
603.jpg,0
604.jpg,0
605.jpg,0
606.jpg,0
607.jpg,0
608.jpg,0
609.jpg,0
610.jpg,0
611.jpg,0
612.jpg,0
613.jpg,0
614.jpg,0
615.jpg,0
616.jpg,0
617.jpg,0
618.jpg,0
619.jpg,0
620.jpg,0
621.jpg,0
622.jpg,0
623.jpg,0
624.jpg,0
625.jpg,0
626.jpg,0
627.jpg,0
628.jpg,0
629.jpg,0
630.jpg,0
631.jpg,0
632.jpg,0
633.jpg,0
634.jpg,0
635.jpg,0
636.jpg,0
637.jpg,0
638.jpg,0
639.jpg,0
640.jpg,0
641.jpg,0
642.jpg,0
643.jpg,0
644.jpg,0
645.jpg,0
646.jpg,0
647.jpg,0
648.jpg,0
649.jpg,0
650.jpg,0
651.jpg,0
652.jpg,0
653.jpg,0
654.jpg,0
655.jpg,0
656.jpg,0
657.jpg,0
658.jpg,0
659.jpg,0
660.jpg,0
661.jpg,0
662.jpg,0
663.jpg,0
664.jpg,0
665.jpg,0
666.jpg,0
667.jpg,0
668.jpg,0
669.jpg,0
670.jpg,0
671.jpg,0
672.jpg,0
673.jpg,0
674.jpg,0
675.jpg,0
676.jpg,0
677.jpg,0
678.jpg,0
679.jpg,0
680.jpg,0
681.jpg,0
682.jpg,0
683.jpg,0
684.jpg,0
685.jpg,0
686.jpg,0
687.jpg,0
688.jpg,0
689.jpg,0
690.jpg,0
691.jpg,0
692.jpg,0
693.jpg,0
694.jpg,0
695.jpg,0
696.jpg,0
697.jpg,0
698.jpg,0
699.jpg,0
700.jpg,0
701.jpg,0
702.jpg,0
703.jpg,0
704.jpg,0
705.jpg,0
706.jpg,0
707.jpg,0
708.jpg,0
709.jpg,0
710.jpg,0
711.jpg,0
712.jpg,0
713.jpg,0
714.jpg,0
715.jpg,0
716.jpg,0
717.jpg,0
718.jpg,0
719.jpg,0
720.jpg,0
721.jpg,0
722.jpg,0
723.jpg,0
724.jpg,0
725.jpg,0
726.jpg,0
727.jpg,0
728.jpg,0
729.jpg,0
730.jpg,0
731.jpg,0
732.jpg,0
733.jpg,0
734.jpg,0
735.jpg,0
736.jpg,0
737.jpg,0
738.jpg,0
739.jpg,0
740.jpg,0
741.jpg,0
742.jpg,0
743.jpg,0
744.jpg,0
745.jpg,0
746.jpg,0
747.jpg,0
748.jpg,0
749.jpg,0
750.jpg,0
751.jpg,0
752.jpg,0
753.jpg,0
754.jpg,0
755.jpg,0
756.jpg,0
757.jpg,0
758.jpg,0
759.jpg,0
760.jpg,0
761.jpg,0
762.jpg,0
763.jpg,0
764.jpg,0
765.jpg,1
766.jpg,1
767.jpg,1
768.jpg,1
769.jpg,1
770.jpg,1
771.jpg,1
772.jpg,1
773.jpg,1
774.jpg,1
775.jpg,1
776.jpg,1
777.jpg,1
778.jpg,1
779.jpg,1
780.jpg,1
781.jpg,1
782.jpg,1
783.jpg,1
784.jpg,1
785.jpg,1
786.jpg,1
787.jpg,1
788.jpg,1
789.jpg,1
790.jpg,1
791.jpg,1
792.jpg,1
793.jpg,1
794.jpg,1
795.jpg,1
796.jpg,1
797.jpg,1
798.jpg,1
799.jpg,1
800.jpg,1
801.jpg,1
802.jpg,1
803.jpg,1
804.jpg,1
805.jpg,1
806.jpg,1
807.jpg,1
808.jpg,1
809.jpg,1
810.jpg,1
811.jpg,1
812.jpg,1
813.jpg,1
814.jpg,1
815.jpg,1
816.jpg,1
817.jpg,1
818.jpg,1
819.jpg,1
820.jpg,1
821.jpg,1
822.jpg,1
823.jpg,1
824.jpg,1
825.jpg,1
826.jpg,1
827.jpg,1
828.jpg,1
829.jpg,1
830.jpg,1
831.jpg,1
832.jpg,1
833.jpg,1
834.jpg,1
835.jpg,1
836.jpg,1
837.jpg,1
838.jpg,1
839.jpg,1
840.jpg,1
841.jpg,1
842.jpg,1
843.jpg,1
844.jpg,1
845.jpg,1
846.jpg,1
847.jpg,1
848.jpg,1
849.jpg,1
850.jpg,1
851.jpg,1
852.jpg,1
853.jpg,1
854.jpg,1
855.jpg,1
856.jpg,1
857.jpg,1
858.jpg,1
859.jpg,1
860.jpg,1
861.jpg,1
862.jpg,1
863.jpg,1
864.jpg,1
865.jpg,1
866.jpg,1
867.jpg,1
868.jpg,1
869.jpg,1
870.jpg,1
871.jpg,1
872.jpg,1
873.jpg,1
874.jpg,1
875.jpg,1
876.jpg,1
877.jpg,1
878.jpg,1
879.jpg,1
880.jpg,1
881.jpg,1
882.jpg,1
883.jpg,1
884.jpg,1
885.jpg,1
886.jpg,1
887.jpg,1
888.jpg,1
889.jpg,1
890.jpg,1
891.jpg,1
892.jpg,1
893.jpg,1
894.jpg,1
895.jpg,1
896.jpg,1
897.jpg,1
898.jpg,1
899.jpg,1
900.jpg,1
901.jpg,1
902.jpg,1
903.jpg,1
904.jpg,1
905.jpg,1
906.jpg,1
907.jpg,1
908.jpg,1
909.jpg,1
910.jpg,1
911.jpg,1
912.jpg,1
913.jpg,1
914.jpg,1
915.jpg,1
916.jpg,1
917.jpg,1
918.jpg,1
919.jpg,1
920.jpg,1
921.jpg,1
922.jpg,1
923.jpg,1
924.jpg,1
925.jpg,1
926.jpg,1
927.jpg,1
928.jpg,1
929.jpg,1
930.jpg,1
931.jpg,1
932.jpg,1
933.jpg,1
934.jpg,1
935.jpg,1
936.jpg,1
937.jpg,1
938.jpg,1
939.jpg,1
940.jpg,1
941.jpg,1
942.jpg,1
943.jpg,1
944.jpg,1
945.jpg,1
946.jpg,1
947.jpg,1
948.jpg,1
949.jpg,1
950.jpg,1
951.jpg,1
952.jpg,1
953.jpg,1
954.jpg,1
955.jpg,1
956.jpg,1
957.jpg,1
958.jpg,1
959.jpg,1
960.jpg,1
961.jpg,1
962.jpg,1
963.jpg,1
964.jpg,1
965.jpg,1
966.jpg,1
967.jpg,1
968.jpg,1
969.jpg,1
970.jpg,1
971.jpg,1
972.jpg,1
973.jpg,1
974.jpg,1
975.jpg,1
976.jpg,1
977.jpg,1
978.jpg,1
979.jpg,1
980.jpg,1
981.jpg,1
982.jpg,1
983.jpg,1
984.jpg,1
985.jpg,1
986.jpg,1
987.jpg,1
988.jpg,1
989.jpg,1
990.jpg,1
991.jpg,1
992.jpg,1
993.jpg,1
994.jpg,1
995.jpg,1
996.jpg,1
997.jpg,1
998.jpg,1
999.jpg,1
1000.jpg,1
1001.jpg,1
1002.jpg,1
1003.jpg,1
1004.jpg,1
1005.jpg,1
1006.jpg,1
1007.jpg,1
1008.jpg,1
1009.jpg,1
1010.jpg,1
1011.jpg,1
1012.jpg,1
1013.jpg,1
1014.jpg,1
1015.jpg,1
1016.jpg,1
1017.jpg,1
1018.jpg,1
1019.jpg,1
1020.jpg,1
1021.jpg,1
1022.jpg,1
1023.jpg,1
1024.jpg,1
1025.jpg,1
1026.jpg,1
1027.jpg,1
1028.jpg,1
1029.jpg,1
1030.jpg,1
1031.jpg,1
1032.jpg,1
1033.jpg,1
1034.jpg,1
1035.jpg,1
1036.jpg,1
1037.jpg,1
1038.jpg,1
1039.jpg,1
1040.jpg,1
1041.jpg,1
1042.jpg,1
1043.jpg,1
1044.jpg,1
1045.jpg,1
1046.jpg,1
1047.jpg,1
1048.jpg,1
1049.jpg,1
1050.jpg,1
1051.jpg,1
1052.jpg,1
1053.jpg,1
1054.jpg,1
1055.jpg,1
1056.jpg,1
1057.jpg,1
1058.jpg,1
1059.jpg,1
1060.jpg,1
1061.jpg,1
1062.jpg,1
1063.jpg,1
1064.jpg,1
1065.jpg,1
1066.jpg,1
1067.jpg,1
1068.jpg,1
1069.jpg,1
1070.jpg,1
1071.jpg,1
1072.jpg,1
1073.jpg,1
1074.jpg,1
1075.jpg,1
1076.jpg,1
1077.jpg,1
1078.jpg,1
1079.jpg,1
1080.jpg,1
1081.jpg,1
1082.jpg,1
1083.jpg,1
1084.jpg,1
1085.jpg,1
1086.jpg,1
1087.jpg,1
1088.jpg,1
1089.jpg,1
1090.jpg,1
1091.jpg,1
1092.jpg,1
1093.jpg,1
1094.jpg,1
1095.jpg,1
1096.jpg,1
1097.jpg,1
1098.jpg,1
1099.jpg,1
1100.jpg,1
1101.jpg,1
1102.jpg,1
1103.jpg,1
1104.jpg,1
1105.jpg,1
1106.jpg,1
1107.jpg,1
1108.jpg,1
1109.jpg,1
1110.jpg,1
1111.jpg,1
1112.jpg,1
1113.jpg,1
1114.jpg,1
1115.jpg,1
1116.jpg,1
1117.jpg,1
1118.jpg,1
1119.jpg,1
1120.jpg,1
1121.jpg,1
1122.jpg,1
1123.jpg,1
1124.jpg,1
1125.jpg,1
1126.jpg,1
1127.jpg,1
1128.jpg,1
1129.jpg,1
1130.jpg,1
1131.jpg,1
1132.jpg,1
1133.jpg,1
1134.jpg,1
1135.jpg,1
1136.jpg,1
1137.jpg,1
1138.jpg,1
1139.jpg,1
1140.jpg,1
1141.jpg,1
1142.jpg,1
1143.jpg,1
1144.jpg,1
1145.jpg,1
1146.jpg,1
1147.jpg,1
1148.jpg,1
1149.jpg,1
1150.jpg,1
1151.jpg,1
1152.jpg,1
1153.jpg,1
1154.jpg,1
1155.jpg,1
1156.jpg,1
1157.jpg,1
1158.jpg,1
1159.jpg,1
1160.jpg,1
1161.jpg,1
1162.jpg,1
1163.jpg,1
1164.jpg,1
1165.jpg,1
1166.jpg,1
1167.jpg,1
1168.jpg,1
1169.jpg,1
1170.jpg,1
1171.jpg,1
1172.jpg,1
1173.jpg,1
1174.jpg,1
1175.jpg,1
1176.jpg,1
1177.jpg,1
1178.jpg,1
1179.jpg,1
1180.jpg,1
1181.jpg,1
1182.jpg,1
1183.jpg,1
1184.jpg,1
1185.jpg,1
1186.jpg,1
1187.jpg,1
1188.jpg,1
1189.jpg,1
1190.jpg,1
1191.jpg,1
1192.jpg,1
1193.jpg,1
1194.jpg,1
1195.jpg,1
1196.jpg,1
1197.jpg,1
1198.jpg,1
1199.jpg,1
1200.jpg,1
